Code,Product Name,Category,Variants,Image Filename Needed
PA115,Site Setup Pack,Site Setup Pack,1,PA115.png
PCFA108,Portrait Main Compound Board (10mm Correx)
- Site Name:
- Site Managers Name:
- Emergency Contact:,Site Entrance Signs,2,PCFA108.png
PCFCOV-19-ENT,Covid-19 3-part Site Entrance Sign Set (5mm Foamex) Contains:
1x 375x1220mm Covid-19 Notice
1x 1840x450mm Attention all visitors
1x 1840x450mm Help stop the spread,Site Entrance Signs,1,PCFCOV-19-ENT.png
PCFCSSE,Site Entrance Board (10mm Correx) Site name to read:,Site Entrance Signs,2,PCFCSSE.png
PA116,This is a no smoking site,Information Signs,1,PA116.png
PA127,Visitors & Deliveries,Information Signs,1,PA127.png
PA44,Works access,Information Signs,1,PA44.png
PCF152,Site Entrance Multi Sign,Information Signs,3,PCF152.png
PA120,Safety helmets must be worn on this site,P.P.E. Signs,1,PA120.png
PA121,Gloves must be worn,P.P.E. Signs,1,PA121.png
PA122,Eye protection must be worn,P.P.E. Signs,1,PA122.png
PA123,Safety footwear with toecaps & midsoles must be worn,P.P.E. Signs,1,PA123.png
PA49,Hard hats & safety footwear must be worn on this site,P.P.E. Signs,1,PA49.png
PCF321,This PPE is for visitors only,P.P.E. Signs,4,PCF321.png
PCF422,No hard hat no work,P.P.E. Signs,4,PCF422.png
PCF980,Site Safety Sign 1 Safety helmets must...,P.P.E. Signs,2,PCF980.png
PCF982,Site Safety Sign 3 PPE must be worn...,P.P.E. Signs,2,PCF982.png
PA46,DANGER High voltage Keep away,Hazard Signs,1,PA46.png
PA47,DANGER Underground live wires,Hazard Signs,1,PA47.png
PA48,DANGER Underground live wires,Hazard Signs,1,PA48.png
PCF02,Danger building sites are dangerous,Hazard Signs,4,PCF02.png
PCF377,Warning pedestrians have priority,Hazard Signs,4,PCF377.png
PCFLHS01,Building sites are dangerous,Hazard Signs,1,PCFLHS01.png
PCFLHS03,Look out for danger,Hazard Signs,1,PCFLHS03.png
PCFLHS11,Building sites are dangerous,Hazard Signs,1,PCFLHS11.png
PCFLHS13,Look out for danger,Hazard Signs,1,PCFLHS13.png
PA50,Fire Exit Left/Down,Fire Signs,1,PA50.png
PCF730,EN3 Fire extinguisher colour code,Fire Signs,4,PCF730.png
PA45,Pedestrians,Pedestrian Signs,1,PA45.png
PCF362,Drivers beware pedestrians crossing ahead,Pedestrian Signs,4,PCF362.png
PCF373,Pedestrian crossing ahead,Pedestrian Signs,4,PCF373.png
PA118,WARNING Site security on patrol,Security Signs,1,PA118.png
PA124,KEEP OUT - This company will not be held responsible for any injuries to unauthorised persons on this site,Security Signs,1,PA124.png
PA41,No unauthorised persons beyond this point,Security Signs,1,PA41.png
PCF200,Compound Sign Pack Main Compound Board: Portrait/Landscape
- Site Name:
- Site Managers Name:
- Emergency Contact:,Security Signs,1,PCF200.png
PA125,First aid - Name - Location The nearest first aid box is located,Health Signs,1,PA125.png
PA98,* Canteen Notice Board (10mm Correx + 12x A4 (P) Folded Holders & A2 Health and Safety Law Poster) *Supplied in 3 sections.,Health Signs,1,PA98.png
PCF984,Prevent the spread of Coronavirus wash your hands frequently,Health Signs,4,PCF984.png
PCFBA100,Safety; Health & Environmental Pack Supplied with Site Plan? YES/NO,Simple Safety Signs,1,PCFBA100.png
PA119,DANGER Men working overhead,Working at Height,1,PA119.png
PCFSB11,Hard hats must be worn on this site,Working at Height,1,PCFSB11.png
PCFSB31,No children,Working at Height,1,PCFSB31.png
PCFSB37,Guard dogs on site,Working at Height,1,PCFSB37.png
PCFSB39,Safety equipment must be worn on this site,Working at Height,1,PCFSB39.png
PCFSB48,Company Info. Banner (Scaffold Banner)
- Tel. Number:
- Website:,Working at Height,1,PCFSB48.png
PCFSF39,Safety equipment must be worn on this site,Working at Height,1,PCFSF39.png
PA117,WARNING Site traffic,Traffic Signs,1,PA117.png
PA126,Slow,Traffic Signs,1,PA126.png
PCFTM,Traffic Management Sign Pack,Traffic Signs,1,PCFTM.png
PA40,Residents parking only,Parking Signs,1,PA40.png
PA42,No Contractors Parking,Parking Signs,1,PA42.png
PA43,No parking available on site,Parking Signs,1,PA43.png
PCF314,NHBC reserved parking,Parking Signs,4,PCF314.png
PCFDI30,76mm Male,Freestanding Signs,1,PCFDI30.png
PCFDI31,76mm Female,Freestanding Signs,1,PCFDI31.png
PA91,Site Safety Notice Board (10mm Correx + 7x A4 (P) Folded Holders; 1x A4 Multi Document Holder & A2 Health and Safety Law Poster),Notice Boards,1,PA91.png
PA92,Site Safety Notice Board (10mm Correx + 7x A4 (P) Folded Holders & A2 Health and Safety Law Poster),Notice Boards,1,PA92.png
PA288L,Main Compound Board (10mm Correx) to read:
- Site Name:
- Emergency Contact Number:
*For Persimmon Severn Valley sites only.,Considerate Site Signs,1,PA288L.png
PA288P,Main Compound Board (10mm Correx) to read:
- Site Name:
- Emergency Contact Number:
*For Persimmon Severn Valley sites only.,Considerate Site Signs,1,PA288P.png
PCFCCS01,Check your PPE,Posters,1,PCFCCS01.png
PCFCCS14,Ensure plant operators know know you are there get the thumbs up...,Posters,1,PCFCCS14.png
PCFCCS17,Safety message of the day,Posters,1,PCFCCS17.png
PCFSAF02,Keep calm and don't swear,Extras & Accessories,1,PCFSAF02.png
PCF06,Safety equipment must be worn on this site,Other Signs,4,PCF06.png
PCF147,All rubbish to be left in skips or bins...,Other Signs,4,PCF147.png
PCF149,Tree protection order check before you chop!,Other Signs,4,PCF149.png
PCF161,Health & Safety Notice,Other Signs,2,PCF161.png
PCF162,Safety on site starts here,Other Signs,2,PCF162.png
PCF163,For your safety and convenience...,Other Signs,2,PCF163.png
PCF168,Have you got the right protection?,Other Signs,2,PCF168.png
PCF421,No toe caps no work,Other Signs,4,PCF421.png
PCF44,Beware children playing,Other Signs,4,PCF44.png
PCF48,Tree protection do not remove,Other Signs,4,PCF48.png
PCF985,Prevent the spread of Coronavirus dispose of used tissues...,Other Signs,4,PCF985.png
PCF986,Catch it bin it kill it,Other Signs,4,PCF986.png
PCF987,Coronavirus help stop the spread,Other Signs,4,PCF987.png
PCFLHS02,Look for Larry & stay safe,Other Signs,1,PCFLHS02.png
PCFLHS04,Follow Larry's rules,Other Signs,1,PCFLHS04.png
PCFLHS12,Look for Larry & stay safe,Other Signs,1,PCFLHS12.png
PCFLHS14,Follow Larry's rules,Other Signs,1,PCFLHS14.png